id;id_ponente
87878;0
88259;1
87379;2
86286;3
87806;4
88247;5
87265;6
78169;7
87202;8
86535;9
86287;10
87879;11
87853;12
87645;13
87245;14
87807;15
87756;16
87584;17
87485;18
87482;19
86285;20
87464;21
87246;22
87481;23
86536;24
87042;25
86619;26
82946;27
87043;28
86722;29
87126;30
84183;31
86167;32
86145;33
86534;34
86532;35
86267;36
86062;37
83756;38
86000;39
86567;40
85588;41
86387;42
85266;43
83177;44
85568;45
84108;46
86063;33
84670;48
85425;49
85999;50
86061;51
85658;52
85786;53
86064;54
85260;55
81793;56
81336;57
85259;58
85424;59
76220;60
84107;61
83757;62
84953;63
85220;64
84955;65
81792;56
84611;67
84954;68
85267;69
84913;70
84369;71
84651;72
84669;73
84652;74
84368;75
84121;76
84122;77
84187;78
84056;79
84223;80
84850;81
84912;82
84766;83
81791;56
84612;85
84885;86
84765;87
84571;88
84818;89
84216;90
84503;91
84182;92
81790;56
83537;94
82006;95
81962;96
81789;56
84189;98
84188;98
83180;100
81757;101
82005;95
83767;103
83879;104
84145;105
83686;106
83263;107
83931;108
83539;109
82057;110
81788;56
83264;112
83265;113
83179;114
83420;115
82004;95
81733;117
83178;118
83538;119
83495;120
82299;121
83531;122
83530;123
82058;124
82093;125
82179;126
83540;127
81787;56
83536;129
83359;130
82003;95
83413;132
81731;133
83205;134
83364;135
83167;136
83026;137
81786;56
82792;139
81732;140
83262;141
83266;54
83259;143
83111;144
83031;145
83110;146
82797;147
82920;33
82218;149
82558;150
83053;151
82909;152
82956;153
82001;95
82964;155
82732;156
81728;157
82559;158
81896;159
82791;160
82557;161
82000;95
82733;163
82301;164
82095;165
81999;95
82609;167
82300;12
81727;169
82318;95
82549;171
82590;172
82323;173
81574;174
81988;175
82289;176
82094;177
82302;178
82380;179
81718;180
80827;181
82092;182
81963;183
81580;184
82027;185
81961;186
81706;187
81396;188
81960;189
81405;190
81573;191
81821;192
81847;193
81576;194
81390;195
81609;105
81681;197
81461;198
81501;199
81477;200
81389;201
81388;202
81451;203
81387;204
81386;205
81385;206
81368;207
81338;208
81258;209
81212;210
80940;211
79878;212
81160;213
80686;214
80453;215
80843;216
80768;217
80103;218
80899;219
80733;220
80734;221
80818;222
80820;223
80824;16
80685;225
80509;226
80283;227
80115;228
80355;229
80136;230
79748;231
80056;232
80356;233
80431;234
80405;235
79998;236
80282;237
80104;238
79873;239
80095;240
79961;241
79996;242
79987;243
24250;244
79874;245
79767;246
79408;247
79756;248
79768;249
79747;250
79766;251
79570;252
79424;253
79305;254
79425;255
76221;256
79294;257
77216;258
76212;259
79275;260
79143;261
78861;262
77214;258
77711;264
79152;265
76207;266
78894;267
78775;268
78804;269
78705;33
76209;271
78378;272
78543;273
77213;258
78537;275
76219;276
78312;277
78380;278
77981;279
78455;280
77212;258
76213;282
78168;283
77949;284
78167;285
76217;286
77218;100
78005;288
76208;289
78106;91
77211;258
78170;292
76216;293
77709;294
78004;295
76215;296
77552;297
76222;298
77800;299
77628;300
77210;258
77702;302
77795;303
77043;219
76214;305
76647;306
77606;307
77594;308
77209;258
76223;310
76708;311
77339;312
76218;313
77338;55
76211;209
77144;316
75585;317
77010;258
77146;319
77207;320
77145;321
77097;322
76272;323
77143;258
77111;325
76863;326
76271;327
76841;328
76948;329
76541;330
76707;331
76335;332
75778;55
76634;334
75824;335
75902;120
75174;337
75337;338
76129;339
75901;340
75615;214
66801;342
76130;55
75762;344
75973;345
75845;308
76064;347
75257;348
75498;349
75825;350
75831;351
75119;55
75294;353
75479;354
75488;355
67428;356
75175;55
75605;358
75168;359
74357;360
74296;361
75173;362
74676;363
75268;364
64427;365
74199;366
74915;367
74840;368
75050;369
74616;370
74634;16
74667;372
74697;373
74051;374
74913;375
68458;376
74838;377
72306;378
74478;379
74773;380
74189;381
74131;308
74282;383
74281;384
74360;378
74192;386
73555;369
74405;388
73604;373
73325;390
74191;391
74155;392
73553;369
72807;394
73825;395
73954;396
73599;397
74002;398
70779;399
74003;400
73953;369
73908;402
73722;403
74006;214
73594;405
73824;406
66654;407
71487;408
71238;409
73716;410
73443;411
73540;369
72552;413
73511;414
73530;415
69661;416
71706;417
71237;409
73444;419
72829;420
73346;369
72994;422
73480;423
73347;424
73261;425
68726;426
72363;427
71235;409
73063;369
72933;430
72989;431
73025;432
73225;433
72245;434
66881;435
71234;409
71409;437
73027;438
72988;439
66829;440
72243;441
72870;442
71407;443
68727;444
71233;409
71355;446
70778;110
72797;448
72494;449
67471;450
70888;451
72493;452
72094;453
69662;454
72186;455
71231;409
69384;457
68647;33
66946;459
72454;460
70777;461
71214;462
71900;463
71213;464
72244;465
72025;466
71046;409
68921;468
71516;469
71521;469
69659;471
70380;472
71212;33
67235;474
71043;409
71385;476
70037;477
71211;478
70124;479
68119;480
70361;481
71205;219
70789;483
68976;484
70360;485
71210;486
69785;487
70363;488
66954;489
70362;490
70887;51
71182;492
69385;493
68121;494
70229;495
69869;496
70428;497
70327;498
70403;499
67584;500
70364;501
68118;502
68803;503
70235;55
70091;505
70086;506
69932;55
68122;508
69931;105
69933;510
66948;511
69784;512
70043;513
69712;514
68257;515
69647;33
67740;517
69418;518
69330;519
66358;520
69333;521
69606;522
68952;523
68725;524
65191;525
69139;100
68078;527
69036;528
68928;55
68728;530
67047;531
68120;532
69094;365
68927;534
66564;535
68920;536
67382;537
68975;538
68987;539
68856;540
68457;541
68351;542
68177;543
68739;544
66817;545
68648;546
68126;547
66922;548
68519;549
68729;550
67429;551
68125;552
66458;553
66356;554
68197;555
68236;556
67268;557
68072;558
68165;243
67900;560
66457;103
68127;562
66942;563
65404;564
67430;565
67748;566
67799;16
67872;568
66761;569
67894;570
66956;571
67583;572
66828;573
67898;365
67043;575
67588;16
67427;577
67592;578
66966;579
66939;580
67478;85
66945;582
67188;583
66940;584
66950;585
66357;586
66962;587
67192;588
66963;589
66650;141
66840;591
67426;365
67384;219
66925;594
66943;595
67243;596
66907;597
66648;176
66733;599
67078;469
67186;601
84370;54
67236;603
67242;604
66953;605
67189;606
66951;607
66947;608
66964;609
67240;604
67241;604
66949;612
66869;613
66841;614
66941;615
67172;217
67239;604
67238;604
66944;619
53502;620
67293;621
67208;622
67046;623
66921;624
67083;625
66987;626
66923;627
66800;628
66924;369
66238;630
66762;631
66819;632
66820;633
66870;634
66872;635
65444;636
65189;637
66366;105
66725;639
66681;640
66719;641
66614;642
66642;643
66626;644
65429;645
65446;646
66711;647
66136;648
66344;649
66505;297
65392;651
64732;33
66455;653
65193;654
65393;655
66401;656
65394;657
66299;658
66235;659
65056;660
66113;661
66088;662
66239;663
66072;664
64771;665
65067;56
65876;667
66092;668
65878;669
65137;670
65432;671
66085;672
65877;673
64353;674
65066;56
65438;676
65986;677
65437;678
64774;679
66034;680
66033;681
65879;682
65984;683
64443;684
65065;56
65915;686
64966;687
65962;688
61903;689
65881;690
65136;691
61905;692
61904;693
65069;694
65445;695
65856;696
65389;697
65390;698
65064;56
65188;700
65825;664
65447;16
65391;703
64970;704
65439;705
65397;33
65356;85
65396;229
65355;709
65354;495
65063;56
65622;455
65070;373
65233;714
65062;56
65384;716
65351;717
65059;718
65073;719
65297;720
65294;721
65061;56
65273;723
65272;724
65292;725
65280;33
65074;727
65058;728
64613;729
65279;730
65044;731
65075;732
65257;733
65068;734
64914;55
65045;736
65043;737
65139;738
65060;56
65057;740
64915;741
63749;742
64836;743
65047;744
65030;745
64916;746
65048;747
65046;748
64823;749
64731;453
63815;751
64912;752
64822;753
64769;754
64730;33
64938;756
64792;757
64723;758
64585;759
64886;760
64208;761
64418;229
63654;763
64911;365
64824;765
64776;766
64835;388
63853;768
62845;769
64185;770
64679;771
64686;68
63727;773
64571;774
60319;775
64534;776
64693;141
64361;778
64584;779
64405;780
64598;781
64549;105
64428;783
64550;784
64458;785
21937;786
64520;787
64504;788
64516;789
64548;790
64511;791
64360;792
63894;793
64354;794
64437;547
64439;476
64206;797
64407;798
64051;12
63918;800
64338;801
64182;802
64173;803
63106;804
64207;55
61253;520
64196;807
64040;243
63852;809
63775;810
64034;811
64035;812
64036;813
64037;814
63786;33
63920;816
60085;817
63893;818
63817;819
63996;811
63997;821
63919;822
63812;823
63401;824
63813;825
63673;826
63666;105
63685;828
62313;829
63729;830
63242;831
63728;492
62085;833
63622;834
62494;835
63674;836
63655;837
63652;838
63345;839
63363;840
60581;841
63589;55
63318;843
62997;844
63575;845
62866;229
63241;847
63502;848
63459;849
60504;850
55061;851
63295;16
57260;853
63172;854
63294;855
59157;856
62947;405
62679;858
63280;859
62738;860
62592;861
63120;862
62791;863
60479;864
62914;105
52807;866
62790;867
62865;379
52189;869
62794;849
62784;871
62263;872
62782;873
62678;874
62748;875
62270;260
62341;877
62707;878
62628;879
62627;880
60135;881
60405;882
62554;883
62470;884
61357;885
62542;663
62406;105
62504;888
54262;889
59050;890
62347;891
62306;892
58104;893
59048;894
62272;895
62273;896
62238;897
62266;898
62214;899
62265;900
60021;901
62199;902
61991;903
62062;904
62149;905
61992;51
58979;907
60081;908
61930;909
61902;910
60310;911
61611;596
61900;56
61863;914
60774;915
61579;916
61812;917
60315;918
61304;919
61644;55
61548;921
61550;922
61303;923
60914;924
61302;925
61575;547
60183;927
61301;388
60422;929
61316;260
60835;931
61300;405
61317;219
60752;934
61119;935
60416;936
60742;937
61113;663
60926;939
59153;940
60872;941
60873;942
60819;943
60390;944
60080;945
58884;946
60184;947
60411;33
60193;949
57604;950
60487;33
58704;952
59151;953
60079;883
59980;955
59155;956
59158;957
59862;958
59801;959
59972;960
60084;961
59156;55
59971;963
59150;55
57475;965
58361;966
60063;105
56434;968
59152;969
59159;970
58018;971
59154;972
52271;973
59148;974
57186;975
59779;976
57924;977
59202;978
59149;979
56834;980
59145;981
58446;982
58016;983
57908;984
57364;985
58706;986
57920;987
57918;988
57917;989
57916;716
57915;143
57914;992
57913;993
57734;716
53087;995
39096;996
57706;997
54754;998
56860;999
58787;55
52270;1001
58601;1002
58762;1003
56959;1004
58586;1005
58121;1006
58015;1007
58014;1008
58013;1009
58012;1010
58011;1011
58010;1012
58515;1013
58498;1014
58119;55
56901;1016
57144;1017
54706;1018
54713;1019
58212;1020
57418;1021
58120;1022
56988;1023
57139;1024
57063;1025
58017;105
57606;1027
53024;1028
54353;1029
52466;1030
57701;974
57639;1032
56368;1033
53088;1034
57461;1035
56009;1036
53090;1037
53588;1038
53586;1039
53099;1040
53587;1041
53089;1042
57378;1043
57377;1044
53100;1045
53086;1046
56629;1047
57311;1048
54358;1049
51452;1050
55993;1051
57059;1052
52468;1053
57131;1054
55544;258
55562;1056
56811;1057
56527;1058
53235;1059
53156;1060
52465;1061
54153;1062
53601;1063
56535;105
52269;1065
51449;1066
55981;55
56012;1068
53583;1069
55593;1070
55546;1071
54125;1072
55793;1073
53297;1074
55058;1075
46386;1076
52397;1077
55275;453
55113;1079
55027;1080
54838;1081
53740;1082
55140;1083
52673;1084
55342;1085
55319;1086
54863;1087
53582;1088
55042;1089
53522;1090
54827;91
52467;1092
54971;1093
54750;1094
53580;1095
54653;1096
52268;1097
54715;1098
54513;1099
53669;756
50958;1101
54394;589
54443;1103
53211;1104
54352;105
54322;1106
54214;1107
53671;634
53602;1109
53270;1110
53667;55
52464;1112
50988;1113
53276;1114
53523;547
52490;1116
51101;1117
52469;1118
53059;1119
52812;55
52396;1121
53326;1122
52752;1123
52813;1124
51105;1125
53155;1126
52188;1127
52463;1128
52462;1129
50855;1130
52819;1131
52811;105
52942;1133
51699;1134
50957;1135
52073;1136
51783;1137
51781;1138
52402;55
52062;1140
52190;1141
52061;1142
52545;1143
52476;1144
50956;1145
50982;1146
52195;1147
52194;1138
50854;1149
52017;1150
50857;1151
51070;1152
48102;1153
51938;1154
51937;1155
51936;1156
51996;1157
50990;1158
51990;672
51634;1160
52064;1161
51997;1162
51605;1163
51698;1164
50959;1165
50856;1166
51332;1167
50853;1168
51780;1169
51845;1170
51538;1171
51071;1172
50637;1173
50987;1174
49129;1175
50062;1176
50057;1177
50058;1178
50061;1179
48919;548
49394;1181
49395;1182
49392;1183
50640;1184
51540;1185
49221;562
50986;1187
49281;1188
50574;1189
50930;1190
50641;85
49131;1192
48638;1193
51149;1194
50803;1195
50638;1196
50586;1197
50009;1198
49398;1199
49931;1200
50989;1201
50791;1202
49438;1203
49439;544
49450;1205
50793;1206
50576;1207
48499;1208
50755;105
50792;1210
50010;1211
50758;1212
49391;1213
49989;1214
49446;91
44829;1216
49114;1217
50657;443
49223;663
49732;1220
45837;1221
49735;1222
49779;1223
49433;1224
50473;663
49399;1226
49046;1227
49002;1228
42821;1229
49440;1230
45407;1231
49130;1232
49435;1233
46536;1234
49429;105
49358;1236
49136;1237
48857;1238
49163;1239
48268;1240
49424;1241
49205;1242
48856;1243
49356;316
49279;1245
48498;1246
48104;1247
49067;1248
46579;1249
49324;1250
44373;1251
48103;1252
48610;1253
48275;728
48854;1255
48858;1256
46591;55
48847;1258
48545;1259
45045;1260
48272;55
49115;1262
46522;1263
48532;1264
48848;1265
48222;33
46528;1267
42783;1268
46535;811
46590;1270
48495;1271
46594;1272
46600;1273
48665;1274
48493;1275
48221;33
48266;1277
48627;1278
46598;1279
46599;1280
46519;1281
46597;1282
46595;1283
46592;33
46385;1285
46593;100
43852;1287
46601;55
46587;1289
45613;1290
47957;663
46906;1292
46589;1293
45868;33
45973;1295
46459;1296
46456;1297
46455;1298
46453;1299
46462;1300
46529;596
43862;1302
46518;1303
46530;1304
45539;1305
46581;219
46074;1307
46585;1308
46384;1309
45838;1310
46584;130
46533;1312
46583;1313
46532;1314
46526;1315
45612;1316
46582;130
46580;1318
46517;981
46577;1320
45614;1321
45537;120
46575;1323
46540;663
45466;1325
45410;1326
45409;1327
45970;1328
45538;1329
45411;1330
45972;1331
45969;1332
45172;596
44912;1334
45088;120
46250;1336
45233;1337
45971;1338
44823;1339
45086;37
44372;1341
42461;1342
44200;1343
45839;1344
44204;1345
44202;1346
44266;446
44494;1348
44698;1349
44386;1350
44387;1351
44388;1352
33798;1353
45300;1354
44259;987
45137;1356
44879;1357
44696;1358
44339;1359
44345;33
41908;1361
43379;1362
44216;1363
43200;1364
44608;1365
43183;1366
43362;1367
42247;1368
43932;1369
44040;1370
43226;1371
42931;1372
41652;1199
42089;1150
43407;1375
44201;1376
43333;1169
43649;1378
42946;1379
43933;1380
43414;1381
43411;1382
43148;1383
42088;379
42087;1385
42086;1386
42084;1387
41917;1388
43755;1196
42423;919
41873;1391
42604;1392
42819;1393
41038;1394
42629;1395
41454;1396
43293;1397
42548;1398
40930;1399
41037;1400
42424;1401
41656;1402
42698;1403
21911;1404
42700;1405
42702;1406
42488;1198
42546;1408
41764;1409
38078;1410
42248;1411
41452;55
41404;1413
41678;1414
41916;1415
41915;1416
41913;1417
41911;1418
41904;1419
41905;1420
41912;1421
41907;1422
41906;1423
41910;1424
41914;1425
41909;1426
41226;1427
41457;1428
42464;1429
41903;1430
40712;904
38079;1432
42422;1433
41395;1434
41874;1435
21903;1436
21916;1437
41330;1438
41333;1439
41338;1440
41225;1441
41570;1442
39912;1396
40767;495
41223;1445
41455;1446
41353;1447
40280;85
40540;1449
38913;1450
40714;55
40949;1452
40713;1400
41224;1454
41105;56
40965;1456
40769;855
38075;1458
40635;1459
37800;59
37757;904
40727;1462
21922;1463
40753;325
40410;1465
40636;1466
39095;1467
40709;1468
40201;1469
39941;1470
40035;33
38076;1472
36110;5
40181;1474
38074;1475
39981;1476
38971;596
37661;1478
39512;1479
38972;1400
38073;540
38222;1482
38337;1483
38268;1484
39689;1485
38297;1486
39584;1487
39503;1488
39498;1489
39384;1490
72185;465
39331;1492
37986;1493
39236;1494
39220;1495
39192;1496
35767;1497
37787;1498
37758;974
37760;1500
32190;1501
38719;1502
37498;1503
37123;240
37467;1505
38286;1506
21925;1507
38072;1508
36217;1509
36063;1510
37442;1511
37739;1512
37985;1513
37861;1514
37746;1515
37382;1516
36771;33
36659;1518
37870;663
37137;1520
37122;1521
37856;1522
21924;1523
37852;1524
37851;1525
19831;1526
32054;1527
36478;1528
37346;1529
32673;33
36415;1531
37225;1532
36215;1533
30108;1534
36684;596
36762;1536
36479;1537
35945;1538
36770;1539
36411;1540
36811;1541
36416;1542
35812;1543
37004;1544
32071;1545
36933;1546
36385;1547
36844;663
35401;1549
36409;1550
33930;33
36765;1552
36760;663
14491;1554
35766;1555
35386;1556
32617;1557
32267;1557
36408;1559
35764;1560
36404;1561
36405;1562
36407;1563
36384;663
35353;1565
36214;1566
35565;1567
36284;1568
32015;1569
35897;596
32265;1571
35903;1572
35958;1573
35497;1574
35351;1575
35566;1576
33885;1577
25132;120
28172;1579
35563;1580
31863;33
34369;1582
33931;1583
33880;1584
35622;1585
35611;1586
35620;1587
35621;1588
35605;1589
21913;1590
33924;443
33800;1592
32422;1593
35526;1594
34214;1595
34302;1576
35352;1501
32414;1598
33801;1599
33799;1175
34675;1601
31700;1602
29413;1603
32250;260
31745;1073
32412;1606
32249;33
32269;1608
31780;1576
33923;1610
33881;1611
32189;1612
33778;398
32556;1614
32555;1615
21933;1616
21150;1617
32557;1618
29949;1619
31779;1620
31849;1621
31813;1622
33777;1623
31812;1624
33565;1625
30297;1626
32560;1627
31857;596
31633;1629
32389;1630
31630;1631
31628;1632
30303;1633
31821;1634
31814;1635
32413;1636
29521;1637
31122;33
31466;1639
21940;1640
32034;1641
32035;1642
30301;1643
30298;1644
31459;1645
31377;1646
30813;1281
31455;1648
30820;33
31441;1650
31239;1651
31827;1652
31242;1653
31244;1654
31236;1655
31238;1656
31234;1657
31237;1658
31241;1659
31245;1660
31243;1661
31375;1662
29998;1663
31376;1664
31240;1665
31810;1666
30300;1667
30204;55
29265;1669
31691;1670
31121;1652
30296;1672
31135;1673
28518;1674
30180;1675
30527;1676
30821;409
31361;1678
29391;1679
30507;1680
28438;1681
29775;1682
29779;1683
30207;596
30161;1685
30664;1686
30295;105
28318;1688
29769;1689
30217;406
30484;1691
29414;1692
30307;1693
29668;1694
29746;1695
31235;1696
29968;1697
29459;1698
28953;682
28236;1700
29523;1701
27692;1702
35607;1703
29159;1704
28429;1705
29160;1706
28104;1707
29702;1708
29063;1709
29688;1710
29263;1711
29411;1712
27846;1713
26921;1714
26920;1715
21970;1716
21928;1717
27155;1718
28542;596
29185;1720
28544;33
27622;1006
28521;1723
29064;1724
28863;1725
29009;1726
28164;1727
27696;55
27793;1729
28050;1730
28418;1731
23058;1732
25368;1733
24865;1226
22919;1735
26257;1736
28070;1357
27383;392
27845;1739
27382;1740
27381;1741
27380;1742
27379;1743
27378;1744
27105;1745
27790;1746
27750;1747
27608;1748
27952;1749
27951;1750
27953;1751
21381;1752
27674;55
27632;55
27173;992
26262;1756
27801;1757
26913;1758
26916;229
27691;1760
26946;809
26779;1762
27221;1763
26727;1764
27376;1765
25571;16
27219;1767
26570;826
25103;1769
26915;1770
26918;1771
26919;1772
26922;1773
26708;1774
23483;1775
27172;1776
26707;1777
26266;1778
27022;1779
26076;1780
21900;1781
21972;1782
22628;1783
26265;1784
26676;308
20779;1786
25727;1787
26264;1788
26263;1789
25335;1790
26767;1791
25874;1792
26333;1793
26074;1794
26075;1795
25241;331
26072;594
25748;1798
24725;1799
26073;1800
25340;33
26256;443
12385;1803
25339;1114
25054;1805
25601;1806
23713;1807
13923;1808
25751;596
23421;1810
25671;1811
26010;1812
3891;1813
23393;1814
25029;1815
25133;1445
25572;1817
25595;1818
23480;33
3328;1820
25805;1821
24876;1822
21909;1823
24874;1824
24866;1825
21936;1826
23129;1827
24724;1828
23583;1829
25057;1830
22992;1831
20172;1832
23515;1833
21650;55
23174;1835
25090;596
23087;1837
23684;1838
22817;1839
22799;1840
22752;1841
23423;85
22979;225
24922;1844
22947;1845
23479;1846
25109;1847
20519;1848
21895;12
20390;1850
20633;1851
13523;1852
21976;1853
20319;792
23658;1855
24727;1856
20310;1857
22703;1858
23420;1859
23318;1860
23314;1861
23315;1862
23313;1863
23308;1864
23324;1865
23306;1866
23325;1867
24689;1388
22704;1869
24603;1870
24587;12
24558;37
24513;55
24509;1199
24504;1875
24492;1876
24465;1877
24396;1878
24324;37
24308;1880
24138;1881
24078;1882
23089;1883
23792;1884
23770;1885
23248;55
21804;1887
20975;1888
14486;1889
23422;1400
23088;1891
23466;1892
8530;1893
23117;16
23418;663
23416;1896
21930;1897
23413;1898
20692;1899
21752;1900
20173;1901
22701;1902
21977;1903
21039;1904
21646;342
20753;1906
21996;16
20757;1908
21584;1909
17909;1910
21803;1911
21700;1912
21307;1913
21768;1913
21802;39
21645;1916
21896;297
21117;1918
20475;1919
21753;1920
20269;1921
20919;1922
21932;1923
20365;1924
21033;1925
21017;1926
21701;16
10190;1928
20368;156
20324;297
21894;229
20044;1932
21177;1933
21191;1934
20089;1935
21743;1936
20268;1937
20973;1938
20085;1939
20083;1940
21354;1941
20008;1942
20082;1943
20554;1944
19995;1945
21148;1946
20721;16
20101;1948
16983;1949
16778;1950
15716;1951
15707;1952
15703;1953
15702;1954
15699;1955
15697;1956
15696;1957
15694;1958
19992;1959
15693;1960
16779;1961
19927;1962
20317;55
20974;826
16294;1965
19714;1965
13345;1967
20447;1968
20259;1969
19893;1970
19883;1971
19830;1972
19851;1973
19740;1974
19535;1975
19829;1976
19266;1977
19461;925
19460;1979
19174;1980
16782;1981
19756;1982
19330;1983
19727;1984
20088;1985
20087;1986
20086;1987
20084;316
19478;1989
19322;1990
19173;1991
19175;1992
18512;16
19729;380
18928;1995
19659;1996
18592;1997
19413;1226
14484;1999
19172;2000
18517;68
18469;2002
19140;2003
19408;2004
18818;37
16913;640
18394;2007
17994;2008
19320;2009
17239;2010
15290;2011
18514;1187
17845;2013
18094;810
15420;2015
18845;2016
17923;12
18219;2018
17851;2019
5451;2020
17848;33
17846;2022
17849;229
17712;2024
17699;2024
17698;2024
17697;2024
17922;103
14485;2029
18190;2030
17603;2031
17850;125
17733;125
17237;2034
18011;2035
13476;2036
15289;2037
17275;2038
15531;2039
17240;2040
15398;2041
17280;897
17238;2043
15536;2044
15452;2045
13055;2046
15862;2047
17035;2048
17023;2049
16985;2050
17038;2051
16960;2052
13517;570
15555;2054
13720;2055
16827;2056
16820;2057
15284;2058
15722;2059
16159;2060
15814;2061
13518;2062
13340;2063
15275;2064
15553;2065
16014;2066
15537;2067
15813;316
15112;2069
13465;2070
15518;2071
13464;2072
15640;2073
11363;2074
13828;2075
13019;2076
15471;2077
5990;2078
13195;2079
15149;2080
13878;2081
13316;2082
15274;2083
15214;423
13830;2085
11976;2086
13217;2087
14614;2088
13035;2089
13834;2090
14615;2091
14608;2092
14613;2093
13029;2094
13247;2095
9983;2096
14392;2097
14612;2098
14611;2099
14610;2100
14609;2101
14471;856
14439;2103
13022;2104
12727;2105
13778;2106
12800;2107
13591;2108
12799;2109
13000;2110
13012;897
13010;2112
13011;2113
13009;2114
13013;2115
12571;2116
9984;2117
13567;2118
12498;2119
8298;2120
12409;2121
12370;2122
12202;2123
13589;2124
13588;2125
13587;2126
13586;2127
13585;2128
13584;2129
12908;2130
13062;2131
12501;2132
9982;2133
12066;2134
12803;2135
12060;2136
11327;2137
12302;2138
12303;2139
11337;2140
11997;2141
10266;2142
12354;2143
12459;2144
3618;2145
12729;2146
10274;2147
12353;2148
12352;2149
12351;2150
12347;993
12350;2152
12349;2153
12348;2154
12346;2155
9951;2156
12650;2157
11869;2158
11486;2159
11089;2160
11871;2161
12356;214
11685;2163
11684;2164
11199;2165
10750;2166
10361;2167
11720;1307
11087;2169
5351;2170
10727;2171
10835;2172
11226;2173
11974;2174
10362;2175
10807;2176
11008;2177
9930;2178
10666;2179
10975;2180
10378;2181
10681;2182
10802;2183
10550;2184
10360;2185
10358;2186
10193;2187
10578;2188
10576;2189
10574;2190
10572;2191
10569;2192
10565;2193
10561;2194
10556;2195
10548;2196
10546;2197
9989;2198
10376;2199
9126;2200
9988;2201
9470;2202
10371;2203
10370;2204
10369;2205
10368;2206
10367;2207
10366;2208
10372;2209
10365;2210
10364;2211
10363;2212
9500;2213
9501;2214
9502;2215
9504;2216
10032;2217
9506;2218
10373;2219
9508;2220
9509;2221
10377;2222
9512;2223
10039;2224
9503;2225
9510;2226
9507;2227
10046;2228
10173;2229
10644;2230
10045;2231
10044;2232
10043;2233
10042;2234
10041;2235
10038;2236
9505;2237
9466;2238
9468;2239
9475;2240
9469;2241
9471;2242
9472;2243
9474;2244
9467;2245
9465;2246
9807;2247
9985;2248
9781;2249
9986;2250
10622;2251
9687;2252
9403;2253
9296;1392
9987;1082
9214;2256
6671;2257
9473;2258
9636;2259
10263;2260
9125;2261
8590;2240
8428;2263
8592;2264
8427;2265
8426;2266
8429;2267
8425;2268
8424;2269
9033;705
9463;405
6672;2272
9464;2273
8780;2274
8787;2275
8786;2276
9614;2277
8866;2278
6602;2279
8779;2280
8947;2281
8606;2282
8799;2283
8589;1651
9219;2285
9048;2286
8421;2287
8588;884
8423;2289
8422;2290
8955;2291
6669;2292
8417;2293
7394;2294
8158;2295
8108;2296
6668;2297
8147;2298
8148;2299
8149;2300
8152;2301
8153;2302
8154;2303
8156;2304
8107;2305
8420;2306
6639;2307
2860;2308
8529;2309
8418;2310
8419;2311
6594;2312
24556;139
6553;2314
6496;2315
24555;33
6493;2317
7395;2318
8227;2319
8225;2320
8079;2321
6379;2322
7592;2323
6287;2324
7825;2325
3623;2326
5162;2327
4958;717
7060;2329
5116;2330
6298;2331
6286;2332
5498;2333
7050;2334
6880;2335
6477;2336
5072;2337
6234;2338
6235;2339
4062;2340
3686;2341
6021;2342
6018;2343
6017;2344
5991;2345
6019;2346
4755;2347
4873;285
3581;2349
3633;2350
5458;386
3671;2352
5655;2353
3694;2354
2868;2355
5480;2356
4490;2357
4669;1135
5392;2359
3631;2360
4539;2361
3642;2362
4463;2363
3617;2364
4856;2365
4854;2366
3365;2367
3614;2368
3615;2369
3620;2370
3613;2371
4366;2372
4233;2373
3612;50
3616;2375
3606;2376
24542;2377
4003;2378
3769;2379
3593;2380
3591;2381
3590;2382
3680;2383
3592;2384
3583;2385
3596;2386
3587;984
3579;2388
3625;2389
3595;2390
3574;2391
3573;2392
3585;2393
3363;2394
2890;2395
3364;2396
3362;2397
3280;2398
3366;2399
3257;2400
3367;2401
3231;2402
3136;2403
3114;2404
3269;613
2894;2406
2895;2407
2901;2408
3013;2024
2891;2410
3012;2411
2898;2412
2889;2413
2885;2414
2892;2415
2886;2416
2883;2417
2896;2418
2878;2419
2877;2420
2884;2421
2872;2422
2874;1076
2882;2424
2887;2425
2870;2426
2869;2427
2879;2428
2881;2429
2871;2430
2880;2431
2862;2432
2867;2433
12829;2434
12824;2435
12816;2436
12814;2437
12812;2438
12811;2439
13017;2440
2893;2441
2875;2442
2835;2443
2861;2444
2876;2445
2873;2446
2853;2447
2865;2448
2859;898
2856;2450
2855;2451
2864;2452
2854;2453
2866;2454
2852;2455
2848;2456
2857;2457
2847;2458
2863;2459
2850;2460
2858;2461
2846;2462
2824;2463
2845;2464
2844;2465
2842;2466
2840;2467
2839;2468
2838;2469
2831;2470
2834;373
2837;2472
2833;2473
2851;2474
2849;2475
2843;2476
2836;2477
2841;2478
2829;2479
2828;2480
2830;2481
2826;766
2825;2483
2823;2484
2822;2485
24505;2486
2802;2487
2821;2488
2827;2489
2820;2490
2819;2491
2818;2492
2817;127
2816;2494
2815;2495
2814;2496
2813;2497
2811;917
2812;2499
24500;2500
2809;2501
2803;2502
2810;2503
2805;2504
2807;2505
2806;2506
2790;2507
2800;2508
2808;2509
2804;0
2799;2511
24491;2512
2801;2513
2798;2514
24490;1667
2740;2516
2797;2517
2796;2518
24488;2519
2743;2155
2795;2521
2789;897
2794;2523
2787;2524
24486;2525
2782;2526
2792;802
2793;2528
24485;2529
2791;814
2786;2531
2785;2532
2788;1554
2783;499
24482;2535
2784;2536
2778;2537
24481;904
2781;2539
24480;1147
2780;2541
2776;2542
2777;2543
2779;2544
2742;2545
2775;167
2739;2547
2772;2548
2769;2549
24474;55
2774;2551
2771;351
2770;2553
2744;469
2738;2555
24472;974
2737;2557
24471;679
24463;2559
2741;2560
2735;2561
2733;2562
2736;2563
2734;2564
24468;686
2732;2566
2731;2567
2729;2568
2730;2569
24466;37
2728;2571
2727;2572
2726;2573
2725;2574
2723;2575
2716;2383
2724;2577
24462;2578
2722;2579
2717;2580
2721;2581
2693;2582
2720;2583
2719;2584
2718;95
2714;2586
24458;2587
2688;2588
24483;2589
2712;2590
24457;2591
2711;2592
2713;2593
2710;2594
2692;2595
24455;2596
2708;2597
2491;2598
2707;2599
24453;2600
2709;2601
2705;2602
2706;2603
2704;2604
2703;2605
2702;2606
2701;2607
2698;2608
2697;2609
2696;2610
2700;2611
24447;2612
2694;2613
2653;2614
2690;2615
2691;2616
24445;55
2695;2060
2689;2619
2675;2620
2687;2621
2685;2622
2684;2623
24443;792
2686;2625
2683;2626
2767;1663
2682;2628
2680;2629
2678;2630
2671;2631
2677;2632
2681;2633
2679;2634
2674;2635
2673;2115
2672;2637
2662;2638
24436;2639
2668;2640
2670;2641
24435;2642
2651;2643
2669;2644
2667;2645
2666;2646
2627;2647
24432;2648
2665;2649
2766;2642
2663;2651
2664;2652
2660;2653
2661;2654
2658;2655
2659;2656
2650;2657
2652;214
24428;2659
24426;2660
2654;2661
24425;2662
2643;2663
2656;2664
2649;2665
24424;2666
2655;2667
24423;2668
2647;2669
2646;2670
2648;1526
2645;2672
2644;2673
24420;2674
2642;2675
2641;2676
2638;2677
2639;2678
2635;2679
2637;2680
2636;2681
24416;2682
2591;2683
2634;2684
24415;2685
2633;2686
24414;2687
2631;2688
2632;443
2628;2690
24412;2691
2620;2692
2615;2693
24411;2694
2630;181
2626;2696
2629;2697
2624;2698
2765;2699
2623;2700
2625;2701
2622;2702
2621;59
2481;2704
2619;2705
2617;2706
2616;2707
24405;2578
2614;2709
2612;2710
2611;2594
2610;2712
12983;2713
12988;2714
12972;2715
12971;2716
12966;1860
12963;2718
12946;2719
12936;2720
12979;2721
2600;2722
2618;2723
24402;2724
2764;2725
2609;1790
2608;2727
2607;2728
2606;2390
2605;2730
2604;2731
24399;2732
2602;2733
2601;2734
2603;2735
2598;1289
2597;2737
2595;2738
2576;106
24261;2600
2594;2741
2599;2742
2596;2743
2593;2744
24393;2745
2590;2746
2592;2747
24392;2748
2544;2749
2589;1814
2588;2751
2567;2752
2570;2753
2586;2754
24388;2755
2585;2756
24387;2757
2587;1462
2584;2759
2532;2760
2583;2761
2582;2762
2554;2763
2555;2764
2581;2765
2580;2766
24382;2767
2579;2768
2575;2769
2574;2770
2572;2771
24379;2772
2578;2773
2571;2774
2573;2775
2569;2776
2565;2777
2563;2778
2568;2779
2561;2780
2566;2115
2550;2782
2562;176
2545;2784
2560;2785
2559;2786
2549;2787
2548;2788
24370;2789
2558;2790
24368;2791
2557;2792
2553;2793
2556;2794
2540;2795
2552;2796
2546;2797
3584;2798
5161;2799
5160;2800
5159;2801
5158;2802
5157;2803
5156;2804
2551;246
2547;2806
2529;2807
24363;2808
2539;2809
24227;37
2543;2811
2541;2812
2538;2813
24361;1725
2536;810
2537;2816
24360;2817
2533;2818
2534;2819
2531;2820
2530;2821
2526;2822
24357;2823
24356;1725
2528;2825
2535;2826
2525;2487
24354;1869
2527;2829
2502;525
2524;2831
2522;380
2521;2833
24351;2834
2523;2835
2520;2836
24350;2837
2519;2838
2518;2839
2517;554
2516;2841
2515;2842
24347;308
2514;2844
2513;2845
2512;2846
2511;2847
2510;2848
2508;2849
2507;2850
24343;2851
2506;2852
2505;2853
2504;2854
24341;2694
2501;2856
24340;2857
2498;2858
2496;2859
24339;2860
2495;2861
2494;2862
2500;2863
2499;2864
2497;2865
2493;2866
2492;2867
2490;2868
2489;2869
2488;2870
2657;2871
2487;2872
2486;2873
2484;2874
2483;2875
2473;443
24331;2877
2482;2878
2485;1098
24330;2880
2480;563
2479;2882
2460;2883
2467;2884
24328;2885
2476;2886
2477;2887
2464;2888
2478;2889
2468;2890
2466;2891
2475;2892
2465;2893
2474;214
24323;2895
2470;2896
2471;2897
24322;1725
2472;2899
24321;2578
2463;2901
2461;2902
2462;2903
2455;98
2763;2905
2469;2906
2459;2907
2456;2908
2457;2909
24317;2910
2458;2911
24316;2791
2447;2913
2451;1645
2452;1320
2454;2916
2390;2917
2448;2918
2443;2919
2449;2811
2436;2921
2437;2922
2434;2923
2433;2924
2445;2925
2431;2926
2762;2927
2442;2928
2441;141
2440;2930
2439;2931
2438;2389
2761;2933
2435;2934
2429;2935
2428;2936
24306;2937
2427;2938
2430;2939
2410;2940
2423;2941
2426;2942
24303;55
2425;860
2420;2945
2424;2946
24301;308
2417;2948
2418;2949
2419;2950
2416;2951
24298;2952
2414;356
2413;2954
2415;2955
2407;2956
2411;2957
2412;2958
2409;2959
24295;2960
2375;2961
2400;2962
2406;2963
24293;2964
2401;1631
2404;2966
2402;2967
2403;2968
2396;2969
2399;2970
24289;2971
2395;2972
2398;2973
2397;584
2394;589
2393;2976
24286;1663
2227;2978
2389;2979
2392;2980
24284;2600
2391;2982
2760;2983
2388;2984
2387;2985
2378;2986
24283;2987
2383;2988
2384;2989
2385;2484
24281;2991
2386;663
2381;2993
2380;2994
2382;2995
2377;2996
2373;2997
2379;2998
24278;2999
2376;3000
2371;3001
2374;3002
2768;3003
2372;3004
2369;3005
24275;2049
2370;3007
2366;3008
2368;3009
2367;3010
24273;3011
18817;3012
18816;3013
18815;3014
18814;3015
18813;3016
18812;3017
18811;3018
18810;3019
18808;3020
18802;3021
18809;3022
2358;3023
2362;874
12818;2440
13026;3026
13025;3027
13024;3028
13021;3029
13020;3030
13018;3031
13016;3032
13015;3033
13028;3034
13014;3035
13027;3036
2361;3037
24271;2860
2365;3039
2357;3040
2363;3041
24269;3042
2364;3043
2359;3044
24268;3045
2356;3046
2354;3047
24266;37
2352;3049
2351;3050
2353;3051
2349;3052
2346;3053
2348;809
2345;3055
24262;1579
2342;3057
2344;3058
2343;3059
24260;55
2339;3061
2341;3062
2759;3063
2338;3064
2334;3065
2333;3066
2340;3067
2336;3068
24257;3069
2331;3070
2758;3071
2335;3072
2337;3073
2332;3074
24255;2639
2330;2654
2329;3077
24254;3078
2328;3079
2326;3080
2327;3081
2325;3082
2324;648
5145;3084
5155;3085
5154;3086
5153;3087
5152;3088
5151;398
5150;3090
5149;3091
5148;3092
5147;3032
5146;3094
5144;3095
2259;3096
2323;3097
2322;3098
24249;55
2311;3100
2320;3101
2321;3102
2318;3103
24246;3104
2317;923
2316;3106
2319;3107
2314;2709
2315;3109
2296;3110
2310;3111
2313;3112
2306;3113
24240;2600
2308;3115
2309;1869
24238;3117
2307;2060
2304;2794
2305;3120
2298;3121
2302;3122
2301;3123
24232;3124
2303;3125
2300;3126
2297;3127
24230;37
2275;3129
2282;3130
2299;1252
2295;3132
2294;3133
2288;3134
2285;98
2293;3136
2292;3137
2291;3138
2289;3139
6857;1725
2287;988
2284;3142
2273;3143
2280;1127
2286;3145
24220;55
2283;1308
24219;3148
2279;3149
2281;3150
2277;3151
2278;3152
2256;3153
2276;3154
2263;3155
2274;3156
2265;3157
2272;3158
2264;3159
2260;3160
2262;3161
2261;3162
2255;3163
2252;368
2254;3165
24209;3166
2257;3167
24208;3168
2258;3169
2250;3170
2253;3171
2251;3172
24205;55
2249;3174
2248;3175
2757;3176
2245;1099
2242;3178
24204;2642
2246;3180
24203;3181
2241;3182
2247;3183
2236;2030
2244;2024
24200;3186
2243;1084
2238;3188
24199;2642
2240;1268
2228;2829
2756;37
2237;2985
2239;3194
2235;3195
2234;3196
2232;3197
2233;3198
2231;3199
2230;3200
2229;1135
2186;3202
2200;3203
2225;388
2221;3205
2226;3206
24190;2732
2224;3208
2212;2976
2223;3210
2220;3211
2222;3212
2219;2780
2218;3214
2217;3215
24185;3216
2216;3217
2215;3218
2214;3219
2755;893
2211;3221
24183;244
2210;3223
2208;3224
2207;3225
2183;3226
2213;2547
2124;3228
24180;3117
2204;3230
2209;3231
2203;3232
24178;37
2202;3234
2206;3235
2199;3236
2185;3237
2152;3238
2201;3239
2198;3240
2197;3241
2195;2776
2194;3243
2193;1082
2153;3245
2184;3246
24171;3247
2182;3248
2181;3249
2180;3250
2179;3251
2178;3252
24168;3253
2177;3254
24167;3255
2176;2390
2169;3257
24166;3258
2175;3259
2174;3260
2172;3261
2171;3262
2173;3263
2170;3264
2168;3265
2163;3266
2139;2375
2165;3268
2167;3269
2166;3270
24158;3271
2164;3272
2161;3273
2754;3274
2162;3275
2753;3276
2160;3277
24157;55
2159;3279
24156;3280
5143;3281
5142;3282
5141;3283
5140;3284
5139;3285
5138;3286
2158;3287
5137;2787
5136;3289
5135;3290
5134;3291
3696;3292
5133;3293
5132;3294
5131;3295
5130;3296
4144;3297
3699;3298
2157;3299
2154;3300
2156;3301
2155;3302
2151;3303
2150;3304
24152;3305
2149;3306
2148;3307
2146;3308
2126;3309
2147;3310
2145;3311
2144;3312
2143;3313
24147;3314
2142;3315
2025;1289
2140;3317
2141;3318
2136;3319
2138;3320
2137;3321
18755;3322
18762;3323
18768;3324
18769;3325
18774;3326
19041;3327
19042;3328
19043;3329
19044;3330
19045;3231
19048;3332
19057;3333
19061;3334
19072;3335
1982;1968
2135;3337
2131;3338
2752;55
2133;3340
2130;3341
2134;809
24140;3104
2132;3344
2129;3345
2128;3346
2122;3347
2751;1462
2107;3349
2121;3350
2750;3351
2120;3352
2117;3353
2119;3354
24136;514
2118;3356
2115;3357
2116;3358
2114;3359
2113;3360
24133;3361
2112;3362
2111;3363
2110;3023
2109;3365
24131;3366
2108;3367
24130;55
2103;3369
2106;3370
2105;3371
2104;3372
2101;3373
2100;3374
24126;3375
2077;3376
2098;3377
2099;3378
2097;284
2092;3380
2096;3381
2095;3382
2094;3383
2093;3384
2088;3385
2026;3386
20470;3387
20469;3388
20468;3389
20756;3390
20467;3391
20466;3392
20465;3393
20464;3394
20463;3395
20462;3396
20461;3397
2091;3398
24119;3366
2069;3400
2076;3401
2089;2400
2090;3403
2078;3404
2024;3405
2074;3406
2075;2797
2070;3408
24113;3409
2072;3410
2071;3411
2073;2143
2068;3413
24111;3414
2065;3415
2067;3416
2063;3417
24109;3418
2066;866
2062;3420
2064;3421
2061;3422
2059;1268
24106;3424
2060;1462
2057;3426
24105;2895
2055;1259
2056;3429
2054;3430
2052;893
2053;3432
2039;2148
2050;3434
2749;1296
24096;3436
2049;3437
24095;3438
2048;3439
2047;3440
2046;3441
2045;3442
2027;3443
24092;3003
2042;3445
2044;3446
24091;3447
2043;3448
2041;3449
2038;3450
2037;3451
2036;2586
24088;3453
2001;3454
2035;3455
2034;3456
2033;3457
2032;3458
2030;3459
2748;3460
2029;3461
2031;3462
24084;3463
2028;3464
2023;3465
2022;3466
2011;3467
2021;992
2020;838
2018;3049
2019;3471
2017;3472
2016;3473
2014;3474
2013;3475
2012;3476
24076;3477
2015;3478
2010;3479
2004;3480
2009;3363
2006;3482
1999;2853
2008;3484
2007;3485
2005;3486
24072;3487
2003;3488
1998;326
2000;3490
2002;3491
1997;3492
24069;3493
1995;3447
1996;3495
1994;3496
24067;3497
1993;3498
1992;3499
1991;1066
1990;3501
1989;3152
24064;3503
1988;3504
1987;1883
24063;105
1986;667
24062;3508
1985;3509
1983;909
24060;55
1984;3512
1981;3513
1979;3514
1978;3515
1977;3516
1976;3517
1947;3518
1974;3519
24196;2791
1973;1399
1972;3522
1971;3523
1969;3524
24053;891
1965;3526
1966;3527
1960;3528
1957;3529
1964;3530
1963;2931
1962;3532
24049;3533
1961;3534
1959;2043
24048;3536
1958;3537
1955;3538
1956;3539
1954;3540
1953;3541
1952;3542
24045;3543
1949;3544
1951;3545
1950;3546
24044;37
1946;3548
1948;3549
1945;3550
1944;3551
1943;3552
24041;3553
1934;3554
1941;2499
1942;3556
1940;2709
1938;3558
1939;1911
1937;3560
1936;3561
24036;55
1929;2869
24035;3564
1933;3565
1935;3566
1932;3130
1931;3568
1930;3569
24033;3570
1845;3571
1925;3572
1928;3573
1927;3574
1926;3575
1924;3576
1921;3577
1922;3578
1920;3579
1919;3580
1918;3581
1917;3582
24026;3583
1916;3584
1915;3585
1914;3586
24024;3587
1913;3588
1912;3589
1911;3102
6069;3591
6063;3592
6061;3593
6059;3594
6056;3595
6032;3537
6027;3597
6292;2278
1910;3599
1909;3600
1908;3601
24021;514
1907;3603
1906;3604
1905;3605
24020;3553
1904;3607
1903;3608
24019;3609
1902;3610
1900;3611
2747;3612
1901;3613
1803;3614
1898;3615
24017;37
1865;3617
1896;3618
1897;3619
24016;3553
1895;3621
1894;3486
1893;3623
1892;3624
1887;3625
24012;3626
1891;3627
1889;3628
1888;3629
1890;3630
1886;3631
1885;1803
1883;2143
1882;3634
24006;3553
1881;3636
1880;3637
1879;3638
1877;3639
1878;3640
1876;3641
1875;3642
24003;3643
1874;3644
1872;3645
1866;3646
1873;3647
1864;3648
1863;3649
1842;2941
1862;3651
23998;3003
1861;3653
19133;3654
19101;3655
19092;3656
19115;3657
19126;3658
19136;3659
19138;3660
1860;3661
23997;3662
1858;3663
1859;3664
1790;3665
23995;3666
1857;3667
1856;3668
1783;3669
1855;756
1854;3671
1853;3672
1852;3673
1851;3674
1850;3675
1849;3676
1848;3677
1846;3678
1847;3679
23986;3680
1843;2628
1841;3682
1840;3683
1839;3684
2746;3685
1838;3686
1836;677
1837;3688
1835;3689
1834;3690
1833;3691
23981;3692
1832;3693
23980;3694
1831;3695
1830;3696
23979;2738
1828;3698
1829;3699
1827;3700
23977;3701
1826;3702
1825;3703
23976;2978
1824;3705
1823;3543
1822;3707
1820;3708
1821;3709
23973;3710
1819;914
1818;3712
23972;3713
1817;3714
23971;3715
1816;1318
1814;3717
23969;3553
1791;3719
1815;3720
23968;3721
1811;3722
23965;3723
23959;3724
23958;3725
1812;3726
23956;3727
1813;3728
23955;3729
1810;3730
1809;3731
1773;1308
1808;3733
1800;3734
1807;3735
1806;3736
1805;3737
1804;3738
1802;3739
1801;3740
1799;3741
1798;3742
1797;3743
23942;3744
1795;3745
1796;3746
1793;1845
23938;2738
1794;3749
1792;1545
23936;3751
1789;1289
1780;3753
23933;3754
1788;3755
1761;3756
23931;3757
1787;3758
23930;3759
1786;3760
23929;3761
1785;809
23928;55
1784;3544
23927;3765
1782;3766
1781;1035
1779;3768
23923;3769
1778;3770
1762;3771
23921;3772
23920;3772
23919;3772
23918;3772
23917;3772
23916;3772
1777;3778
23915;3779
1776;3780
23913;3781
1774;3782
23912;3783
1772;3784
1763;3725
1769;3786
1771;3787
1770;3788
1768;3789
1767;3790
1766;3791
1765;3792
1764;2930
23903;3583
1759;3795
1760;3796
1758;3797
1757;3798
1754;3799
1756;3486
1755;3801
23896;3802
1751;3803
23895;3804
1753;3805
23894;3806
1752;993
1750;3808
1749;3809
23891;891
1744;3811
1747;3812
23889;3813
1746;3814
23888;3815
1745;3816
1743;3817
23887;3818
1721;3819
23886;3820
1742;3821
1741;302
1738;406
1733;267
1732;3825
1737;3826
1734;3827
1731;3828
1739;388
1736;2836
1735;3831
23880;3832
23879;3833
23878;3834
1728;3835
23877;3836
1730;443
1729;3838
23875;3839
1727;3840
1726;3841
1725;3842
1724;3843
1723;3844
1720;3845
1719;3846
1718;2738
1716;3848
1717;3849
1715;2878
1714;3851
23865;3493
1713;3625
23864;3854
1712;3855
1711;3856
23863;3857
1706;1135
23862;3859
1709;2354
1710;3861
1708;3862
1707;869
1702;3528
1704;3865
1703;3866
1705;3867
1701;3868
19892;3869
19891;3870
19808;3871
19784;3872
19768;3873
19827;3874
19822;3875
19816;3876
19810;3877
19805;3878
19799;3879
19785;3880
19772;3881
19752;3882
19828;2296
1699;3884
23850;514
1700;3886
1698;3887
1697;3888
1696;3889
23847;3890
1694;3891
1695;2551
1693;2109
1692;3894
23845;3895
1691;3896
23844;3897
1690;2306
23843;3899
1689;3900
1688;2865
1687;3902
23841;3903
1672;1497
1685;3905
1684;3906
23837;3907
1683;3908
1682;2704
1679;3910
1678;3911
1677;3912
15457;3277
1675;3914
1674;3915
1667;3916
1673;3917
1670;3918
1671;3261
1653;3920
1669;368
23827;3922
1668;3923
1665;3924
1666;89
1664;3926
1661;3927
23823;1424
1663;3929
1655;391
1659;3931
1662;3932
1660;3933
1658;3934
23818;3897
1657;3936
1656;3937
1654;3938
1652;3939
1649;3940
1651;3941
1650;3942
23813;3493
1648;3944
1647;3945
23811;3946
1568;2744
1646;3948
1640;3949
1645;3950
1644;3420
23807;3493
1643;3953
23806;3887
1642;2701
1639;3956
1641;3957
1637;3958
1636;3959
1638;3960
1634;3961
23801;3493
1633;3963
23800;3964
1632;3965
1631;3313
23799;3897
1628;3968
1629;3969
1630;3970
1627;3971
1625;3972
1626;3973
23794;3680
1624;3975
2745;3976
1611;3977
1623;3978
1622;3979
1610;3980
1621;3981
23791;3982
1620;3983
1617;3984
1553;3985
1283;3524
23789;3987
1619;3766
23788;3989
1616;3990
1618;3991
1552;3992
23786;3003
1609;3994
1603;3995
23785;3996
1614;3997
1613;3998
1612;3999
23783;4000
1601;4001
1604;4002
1608;4003
1607;4004
1600;4005
23780;1576
23762;4007
1606;4008
1605;4009
1599;4010
23777;3820
1595;4012
1602;1066
23776;1576
1598;4015
1596;4016
1597;4017
23773;4018
1593;4019
1581;4020
23772;4021
1594;4022
1587;1184
1585;4024
1580;4025
1588;4026
1592;4027
1584;4028
1571;4029
1591;2705
1579;4031
1570;4032
1586;4033
1577;4034
1569;4035
1583;4036
1582;4037
1537;4038
1575;4039
1578;4040
1546;4041
23758;4042
1573;4043
1574;3795
1572;2731
1566;4046
1567;4047
1576;4048
1564;3456
1563;4050
1565;4051
1558;4052
1527;4053
1562;4054
1554;4055
23751;4056
1557;4057
1560;4058
1559;4059
1561;4060
1551;4061
1556;4062
1555;2063
1524;4064
1549;4065
1544;3122
1545;4067
1547;4068
1548;4069
1541;4070
1535;4071
1538;4072
1534;4073
1533;1308
1542;4075
1543;3245
1526;4077
1532;4078
1531;4079
1530;4080
1523;4081
1528;4082
1522;1532
1519;4084
1520;4085
1521;4086
1518;4087
1513;4088
1516;4089
1517;4090
1512;4091
1515;4092
1514;4093
23740;3564
1510;4095
1509;4096
1508;3556
1507;4098
23738;3783
1505;4100
1496;4101
1506;4102
1503;4103
1501;3646
1500;4105
1499;3041
1484;4107
1498;941
23736;4109
1495;4110
1494;4111
1492;2775
1491;4113
1490;3490
1485;4115
1489;4116
1488;4117
23735;891
1483;4119
1487;4120
1482;1066
1481;4122
1480;4123
1473;4124
1479;4125
1478;4126
1477;2115
1476;2048
1475;1807
1474;4130
1472;4131
23734;4132
1471;4133
1470;4134
1469;4135
1468;4136
1467;443
1466;4138
1465;4139
1464;4140
1463;4141
1462;2928
1461;4143
1459;4144
1460;4145
1458;4146
1457;3600
1456;4148
1455;3403
23727;4150
1454;4151
1453;4152
1452;4153
1451;2112
1450;4155
1449;4156
1448;4157
1447;4158
1445;4159
1446;4160
1444;4161
1443;4162
1442;4163
1441;4164
1440;4165
1439;4166
1438;4167
1437;4168
1436;4169
1435;4170
1434;4171
23724;4172
1433;454
1432;4174
1431;4175
1430;874
1429;4177
1428;4178
23723;4179
23722;4180
1427;4181
1426;4182
1425;4183
1424;4184
1423;4185
1422;4186
1421;2326
1420;4188
1419;4189
1418;3530
1417;2011
1416;4192
1412;4193
1415;4194
1413;4195
1411;4196
1410;988
1409;4198
1408;4199
1407;4200
1406;4201
1405;1066
1404;4203
1403;4204
1402;4205
1401;4206
23716;1098
23714;1098
1399;4209
1400;4210
1398;3462
1397;3840
1396;4213
1394;4214
1393;4215
1392;4216
1391;4217
1390;1372
1389;2701
1388;2796
1387;4221
1386;1098
1385;2024
1384;4224
1383;4225
1382;4226
1381;4227
1380;4228
1379;4229
1378;4230
1377;4231
1376;3053
1374;4233
1375;4234
1373;4235
1372;4236
1371;4237
1369;4238
1370;4239
1368;4240
1367;4241
1366;4242
1365;4243
1364;4244
1363;2978
1362;4246
1361;4247
1360;4248
1359;4249
1358;4250
1357;4251
1356;4252
1354;4253
1355;4254
1353;4255
1352;4256
1351;4257
1350;4258
1349;4259
1347;4260
1348;4261
830;4262
1346;2109
1345;4264
1344;4265
1343;4266
1342;4267
1341;4268
1340;1198
1339;3134
1337;4271
1336;3618
1335;4273
1334;4274
1332;4275
1331;4276
1330;4277
1329;4041
1328;3653
1327;4280
1326;1248
1325;4282
1324;4283
1323;1156
1322;4285
1321;4286
1320;4287
1318;4288
1317;4289
1316;4290
1315;2968
1314;4292
1313;589
1312;992
1311;4295
1288;4296
1310;4297
1309;4298
1308;4299
1307;4300
1306;4301
1305;4302
1304;4303
1303;4304
1302;4305
1301;4306
1300;4307
1299;4308
1298;4309
1297;4310
1296;4311
1295;4312
1294;4313
1293;1367
1292;4315
1287;4316
1291;4317
1290;4318
1289;4319
1286;4320
1285;4321
1284;4322
1282;4323
1281;4324
1280;1536
1279;4326
1278;4327
1276;4328
1274;4329
1272;4330
1271;4331
1270;4332
1245;4333
1268;4334
1269;4335
1267;4336
1266;4337
1265;3577
1264;4339
1263;4340
1242;4341
1262;1066
1261;4343
1260;4344
1259;4345
1258;4346
1257;4347
1256;4348
1255;3695
1254;4350
1253;200
1252;4352
1251;4353
1250;4354
1249;4355
1248;4356
1247;4357
1246;4358
1244;4359
1243;4360
1241;4361
1240;4362
1239;4363
720;4364
1238;4365
1237;4366
1236;4367
1235;4368
1234;4039
1233;4370
1232;4371
1231;4372
1230;4373
1229;4374
1228;4375
1227;4157
1226;4377
1225;4378
1224;4379
1223;4380
1222;4381
1221;4382
1220;4383
1219;4107
1218;3927
1120;4386
1217;1101
1216;4388
1215;869
1214;2773
1213;4391
1212;1135
1211;1066
1210;2978
1209;4395
1208;4396
1207;4397
1205;1107
1206;4399
1204;3887
1203;4401
1202;3009
1201;4403
1200;3456
1199;4405
1198;3451
1197;4407
1196;4012
1195;4409
1194;4410
1193;4411
1192;3653
1191;4413
1190;1631
1189;4415
1188;2752
1187;3973
1186;4418
1185;4419
1184;4420
1183;953
1182;4422
1181;4423
1180;4424
1178;4425
1177;749
1176;4427
1175;4428
1174;4429
1173;4430
1172;4431
1171;3725
1170;4433
1169;4434
1168;331
1167;4436
1166;4437
1165;4438
1164;4439
1163;4256
1162;4320
1161;4442
1160;4443
1159;4444
1158;4445
1157;4446
1156;4034
1155;4448
1154;4449
1153;3254
1152;4451
1151;4452
1150;4135
1149;3906
1148;4455
1147;4456
1146;2792
1145;4458
1144;2838
1143;4460
1142;4461
1141;4462
1140;3524
1139;4464
1138;1065
1137;4466
1136;4467
1091;1153
1135;4469
1134;4470
1133;4471
1132;4472
1131;4473
1130;4474
1129;4475
1127;4476
1126;4316
1125;4478
1124;4479
1122;4480
1121;4481
1119;4482
1118;4483
1117;4484
1116;4485
1115;4486
1114;4487
1113;4488
1112;3499
1111;4490
1110;3888
1109;2350
1108;4493
1107;4494
1106;4495
1105;4496
1104;4497
1103;4498
1102;4499
1101;3403
1100;1367
1098;4502
1096;4503
1095;4504
1094;1399
1093;4506
1092;4507
1090;2768
1089;2766
1088;4510
1087;388
1086;2962
1085;2112
1084;4514
1083;4515
1082;2109
1081;4517
1080;4518
1079;4519
1078;4520
1077;4521
1076;657
1075;4523
1074;4524
1073;4525
1072;4526
1071;4527
1070;4528
1069;4529
1068;4530
1067;4531
1066;4532
1065;4533
1064;4534
1062;3914
1338;4536
1061;4537
1060;4538
1059;4539
1058;4540
1057;4541
1056;568
1055;4543
1054;2165
1053;4545
1052;2676
1051;4547
1050;4548
1049;4549
1048;4550
1047;4551
1046;4317
1045;3784
1044;4554
1043;648
1042;4217
1041;4557
1040;3604
1039;4559
1038;406
1037;2731
1036;4562
1034;4563
1033;4564
1032;4565
1031;4566
1030;59
1020;4568
1019;4569
1018;4570
1017;4571
1016;4572
1015;4573
1014;4574
1013;4575
1012;1478
1011;4577
1010;4578
1009;4032
1008;4580
1007;4581
1006;3543
1005;4583
1004;4584
1003;4585
1002;28
1001;4587
1000;4588
998;4589
997;4590
996;4591
995;4592
994;4593
993;4594
992;4595
991;4596
988;4597
987;1255
986;4599
984;4600
983;4601
982;4602
981;3437
980;4604
978;4605
977;3530
976;4607
975;4608
974;3403
973;4610
972;4611
971;4612
970;4613
968;4614
967;4615
966;4616
840;4617
965;3456
964;4619
963;4620
962;4621
961;181
960;4623
959;4624
958;4625
957;4626
955;1098
954;4628
953;4629
952;4630
951;4631
950;4632
949;3911
948;4634
947;4635
946;4636
945;594
944;4638
941;4639
940;4640
939;4641
943;4642
938;4643
937;4644
936;4645
935;3969
934;4647
932;4648
931;4649
930;4650
929;4651
928;4652
927;4653
926;4654
923;4655
925;4656
924;4277
922;4658
921;4240
920;4660
919;4661
918;4662
917;613
916;4664
915;4665
914;2997
912;3403
911;4668
910;4669
909;4670
901;4671
900;4672
899;4673
898;4674
896;4041
894;4676
893;4677
892;4678
891;4679
889;1806
888;4681
887;4682
886;4683
885;2148
884;4685
883;4686
881;2306
880;4168
879;4689
878;677
877;4691
876;4692
874;4693
873;4694
872;4695
871;3528
870;4697
869;923
868;1337
866;4532
865;406
863;4702
862;4703
861;4704
860;4365
859;4706
857;4707
856;4708
855;4709
854;125
853;4420
852;4625
849;4597
851;4714
850;4715
848;326
847;4717
846;2968
845;4719
844;4720
843;4721
842;4722
838;4723
837;3251
836;4725
835;4726
833;3906
832;3888
831;4729
828;1839
826;4731
824;4732
823;4733
821;4419
820;4445
819;4736
818;4737
816;4738
815;4739
814;4635
811;4741
809;4742
807;4743
806;4744
805;4034
804;4746
803;4747
802;4748
801;2747
800;4750
791;4751
799;3646
798;4753
797;3856
796;4755
795;4756
792;4757
790;4758
789;4759
788;3422
787;4761
786;4762
785;4763
784;4764
783;4765
780;4766
779;4767
775;4768
777;4107
776;4770
773;4771
772;4772
771;4773
770;2672
767;388
769;4776
768;4777
766;2818
765;2114
763;4780
762;4781
761;4782
760;4719
759;4784
757;4785
756;4786
755;4635
752;4788
751;1107
750;4790
748;4791
747;4792
746;4793
745;4794
744;4510
743;4796
741;4797
738;4798
737;4799
736;4800
735;4801
734;4802
733;4803
732;2544
730;4805
729;4806
728;4807
727;4808
726;4809
724;4810
723;4811
722;4812
721;677
719;4814
718;4815
717;4816
716;4817
715;4818
714;4819
713;4820
712;4821
710;3600
709;4823
708;4824
706;4825
704;4826
705;4827
702;4828
701;4829
700;4830
689;4831
698;4832
696;4833
695;3403
694;3251
686;4836
692;4837
691;4838
685;4839
684;4840
683;4841
682;4842
681;4843
680;4844
672;4845
670;248
669;4847
667;4848
666;1210
665;4850
664;4851
663;4852
662;4853
661;4854
660;3456
659;4856
658;4168
657;4858
655;4859
654;4860
653;1184
652;2566
651;4863
650;4864
649;4444
648;4866
647;2113
646;4868
645;2892
644;657
643;4185
642;4872
641;4873
640;4874
639;4875
637;4876
635;4040
634;1198
633;4382
631;4880
630;4881
629;4652
628;4883
627;4884
626;4885
625;4371
623;4887
622;4888
621;4889
620;3403
619;4891
618;1
615;4893
614;4894
608;4438
613;4896
610;4897
607;4898
606;4899
605;4280
604;4830
603;300
602;4903
601;331
599;614
598;2306
594;4907
592;4908
591;3251
590;4910
589;4911
588;4912
587;3651
586;4914
585;4915
584;4916
582;4399
581;4918
580;1839
578;4920
575;4041
573;4922
572;4923
571;3474
570;4925
566;4926
565;4927
563;4928
562;4929
561;4930
560;3478
558;4932
557;3008
556;4419
554;4935
555;4936
553;4937
552;986
551;4939
549;4940
548;1135
547;4942
544;4943
545;4944
540;3403
541;1040
538;4629
535;141
537;4949
534;4781
533;4951
532;4952
531;4692
529;4954
527;3152
526;4956
525;4957
524;4958
521;4959
523;4960
520;4961
519;4962
518;4963
517;2511
516;4965
515;4966
512;4967
511;4161
510;2054
509;4970
507;4971
506;4972
504;4973
503;4974
502;4975
501;4976
500;4977
499;4151
498;4979
495;3842
494;657
492;4982
490;4983
489;4984
488;2796
487;1135
485;4987
484;3422
483;4989
482;4776
481;4991
480;4992
478;1040
477;4994
476;4668
475;4996
474;4997
473;4998
472;4999
471;5000
470;5001
469;5002
468;4109
467;5004
466;5005
464;5006
463;443
462;648
457;5009
455;5010
453;909
451;388
450;3158
447;5014
445;5015
443;4776
440;5017
442;5018
441;5019
437;5020
439;5021
436;5022
435;5023
434;5024
433;5025
432;5026
431;5027
430;5028
429;5029
428;5030
427;4029
426;4907
424;989
423;3448
422;5035
421;5036
419;5037
420;3476
418;4935
416;5040
414;5041
413;5042
412;5043
411;5044
410;5045
409;5046
408;5047
407;5048
406;4758
405;5050
404;5051
403;5052
396;2150
402;2306
400;5055
399;5056
395;5057
394;5058
393;5059
392;4868
391;5061
390;5062
388;5063
679;5064
677;5065
676;5066
675;5067
674;5068
673;5069
386;5070
385;5071
383;3490
365;3639
381;5074
366;5075
379;5076
374;4133
377;5078
375;5079
372;993
371;5081
364;5082
362;181
363;5084
361;5085
360;5086
359;454
358;2491
356;4444
355;3771
354;2083
350;5092
349;5093
272;4399
351;5095
353;5096
217;1107
341;2701
348;5099
345;5100
343;4221
346;5102
344;5103
340;751
333;4419
339;5106
335;4234
331;5108
334;5109
330;5110
175;3911
329;5112
325;5113
328;5114
327;5115
324;5116
326;5117
322;5118
321;5119
320;5120
319;2672
318;5122
316;5123
315;5124
294;5125
313;5126
312;5127
310;5128
301;992
308;5130
307;2746
306;5132
296;5113
274;4041
282;5135
300;5136
299;5137
298;5138
297;5139
292;4234
290;5141
287;5113
288;3448
286;5144
30;5145
285;5146
280;3474
252;5078
279;5149
278;5150
276;5151
273;5152
265;5153
271;4420
269;5155
270;4916
268;5157
267;5158
266;986
264;5160
263;5161
248;5162
261;5163
260;5164
259;5165
258;5166
255;5167
254;5168
253;4692
251;4182
250;5171
249;5172
247;5173
246;5174
245;5175
243;141
242;5177
241;5178
239;5135
235;5180
186;5153
237;5182
236;5183
174;5184
232;5185
234;2113
233;5187
231;5188
229;5189
230;3448
227;4702
228;5192
224;5193
225;5194
220;5195
223;5196
222;5197
219;3380
221;5150
218;5200
216;5201
214;5202
215;5203
213;5204
212;3965
211;1098
210;5207
196;3842
208;5209
209;5210
188;5138
13;5188
207;993
206;4221
205;5215
145;3447
203;5217
204;3408
202;4912
201;5220
200;5221
199;3651
51;4171
194;5151
197;5225
198;5226
195;3474
177;875
193;443
192;5230
183;5108
187;3528
191;3265
189;5019
185;5235
184;4810
190;5237
182;5238
165;5239
181;5240
179;5241
178;4939
176;5076
167;2886
172;4029
168;5246
171;5247
163;2083
164;2083
162;5250
159;5251
161;3287
82;4736
170;5254
169;5255
158;5255
157;657
155;5125
156;5259
154;5260
153;4872
152;2785
151;5263
149;5264
147;5265
148;3490
146;5267
143;1007
144;5123
142;5270
116;4987
141;5272
140;3403
139;5274
138;5275
33;5276
8;2149
130;5065
131;5279
127;2785
128;103
129;2818
126;4199
125;5284
123;2306
122;4156
121;5287
119;5288
118;3816
117;5014
72;1098
115;5292
114;5293
113;4793
112;5295
109;5296
110;5296
108;3490
105;4655
104;5300
103;5301
102;4987
101;5303
99;5197
6;4702
74;4397
81;5307
11;751
28;4629
32;5310
76;5311
31;5312
50;4444
40;3353
5;5315
14;4899
80;443
35;5318
77;5319
9;4736
44;1084
43;5322
18;4894
84;5086
83;4115
85;5327
73;1034
90;5329
48;4982
24;5331
60;5332
61;181
63;4678
68;5064
42;3416
34;5337
69;5152
62;5339
36;2063
26;3490
70;4923
10;5078
23;5344
38;3478
19;2672
22;4685
67;5348
59;3896
57;5350
56;4841
89;3313
4;5353
3;781
75;5355
79;5356
91;657
12;5358
39;5359
97;3476
93;648
20;3695
29;5145
47;1210
98;4793
64;1107
16;2746
21;5368
87;3437
25;5370
37;5371
27;5372
2;5373
45;5374
46;5375
65;5376
41;3448
54;4843
58;875
55;5380
94;4987
71;5382
86;4708
49;4790
92;3403
66;406
53;4557
7;3842
1;141
